org_unit_uid,facility,upazila,period,population,rainfall_mm,temperature_c,humidity_pct,suspected_cases,tests_rdt,tests_microscopy,confirmed_cases,pf_cases,pv_cases,mixed_cases,severe_cases,malaria_deaths,cases_treated,llins_distributed,stockout_days,reports_expected,reports_received,indigenous_cases,imported_cases
OuLamaHC001,Lama Health Complex,Lama,202401,46500,64,24.7,77,42,24,8,6,4,2,0,0,0,6,11,3,1,1,6,0
OuLamaHC001,Lama Health Complex,Lama,202402,46500,36,25.9,70,66,36,15,10,8,2,0,1,0,9,2,0,1,1,9,1
OuLamaHC001,Lama Health Complex,Lama,202403,46500,97,28.1,76,106,62,26,16,12,4,0,1,0,16,7,0,1,1,15,1
OuLamaHC001,Lama Health Complex,Lama,202404,46500,205,29.0,78,113,67,30,21,18,2,1,1,0,21,86,0,1,1,18,3
OuLamaHC001,Lama Health Complex,Lama,202405,46500,326,30.4,84,178,140,22,33,28,5,0,1,0,33,117,0,1,1,29,4
OuLamaHC001,Lama Health Complex,Lama,202406,46500,339,28.9,86,170,108,33,26,22,3,1,2,0,25,140,0,1,1,23,3
OuLamaHC001,Lama Health Complex,Lama,202407,46500,358,28.7,88,211,155,29,36,27,8,1,2,0,36,25,0,1,1,33,3
OuLamaHC001,Lama Health Complex,Lama,202408,46500,363,26.6,93,222,124,55,36,27,8,1,3,0,36,20,1,1,1,33,3
OuLamaHC001,Lama Health Complex,Lama,202409,46500,282,25.9,79,249,146,68,39,32,7,0,3,0,39,14,0,1,1,36,3
OuLamaHC001,Lama Health Complex,Lama,202410,46500,218,23.7,84,137,91,33,23,17,6,0,2,0,23,13,0,1,1,22,1
OuLamaHC001,Lama Health Complex,Lama,202411,46500,147,23.8,78,87,67,15,15,13,2,0,1,0,14,28,0,1,1,14,1
OuLamaHC001,Lama Health Complex,Lama,202412,46500,68,22.8,81,82,47,16,12,10,1,1,1,0,12,34,3,1,1,11,1
OuLamaHC001,Lama Health Complex,Lama,202501,47058,68,24.4,74,11,7,3,2,1,1,0,0,0,2,10,0,1,1,2,0
OuLamaHC001,Lama Health Complex,Lama,202502,47058,19,26.6,71,56,31,14,8,7,1,0,0,0,8,17,0,1,1,7,1
OuLamaHC001,Lama Health Complex,Lama,202503,47058,133,27.8,80,85,48,22,14,10,4,0,0,0,14,1,0,1,1,13,1
OuLamaHC001,Lama Health Complex,Lama,202504,47058,245,29.1,80,190,107,50,29,25,4,0,1,0,29,173,0,1,1,28,1
OuLamaHC001,Lama Health Complex,Lama,202505,47058,308,30.4,82,204,141,49,34,25,9,0,2,0,33,116,0,1,1,29,5
OuLamaHC001,Lama Health Complex,Lama,202506,47058,381,28.8,83,241,170,25,39,30,8,1,2,0,38,172,0,1,1,34,5
OuLamaHC001,Lama Health Complex,Lama,202507,47058,351,28.0,83,120,80,29,22,18,3,1,1,0,21,23,0,1,1,21,1
OuLamaHC001,Lama Health Complex,Lama,202508,47058,370,26.7,95,228,152,24,32,26,5,1,2,0,32,21,1,1,1,30,2
OuLamaHC001,Lama Health Complex,Lama,202509,47058,269,24.3,86,142,87,24,22,17,5,0,1,0,22,22,0,1,1,19,3
OuLamaHC001,Lama Health Complex,Lama,202510,47058,244,23.7,85,92,57,25,18,16,2,0,1,0,18,5,0,1,1,16,2
OuLamaHC001,Lama Health Complex,Lama,202511,47058,142,23.8,77,83,63,14,15,13,2,0,1,0,14,26,0,1,1,13,2
OuLamaHC001,Lama Health Complex,Lama,202512,47058,104,24.1,79,39,24,9,7,6,1,0,0,0,7,21,1,1,1,6,1
OuFasyaHC01,Fasyakhali Health Centre,Lama,202401,24100,29,24.0,69,57,38,10,9,7,2,0,1,0,9,3,0,1,1,9,0
OuFasyaHC01,Fasyakhali Health Centre,Lama,202402,24100,44,26.6,72,46,32,10,6,5,1,0,1,0,6,23,2,1,1,5,1
OuFasyaHC01,Fasyakhali Health Centre,Lama,202403,24100,109,28.3,76,88,58,12,10,8,2,0,1,0,10,7,0,1,1,9,1
OuFasyaHC01,Fasyakhali Health Centre,Lama,202404,24100,211,29.5,80,101,60,24,16,14,2,0,1,0,15,125,0,1,1,14,2
OuFasyaHC01,Fasyakhali Health Centre,Lama,202405,24100,284,30.6,88,163,109,35,21,17,4,0,2,0,20,94,0,1,1,18,3
OuFasyaHC01,Fasyakhali Health Centre,Lama,202406,24100,366,28.6,91,314,190,55,43,35,8,0,1,0,43,113,0,1,1,38,5
OuFasyaHC01,Fasyakhali Health Centre,Lama,202407,24100,372,28.3,89,251,146,46,38,28,10,0,1,0,38,30,0,1,1,34,4
OuFasyaHC01,Fasyakhali Health Centre,Lama,202408,24100,359,27.3,88,231,134,55,37,30,7,0,2,0,36,6,0,1,1,35,2
OuFasyaHC01,Fasyakhali Health Centre,Lama,202409,24100,312,25.0,86,178,118,22,22,16,6,0,1,0,22,31,0,1,1,20,2
OuFasyaHC01,Fasyakhali Health Centre,Lama,202410,24100,211,24.1,78,166,116,16,20,17,3,0,1,0,20,7,2,1,1,19,1
OuFasyaHC01,Fasyakhali Health Centre,Lama,202411,24100,123,23.7,76,61,50,8,9,7,2,0,0,0,9,24,0,1,1,8,1
OuFasyaHC01,Fasyakhali Health Centre,Lama,202412,24100,64,24.0,74,72,48,10,9,7,2,0,1,0,9,35,0,1,1,8,1
OuFasyaHC01,Fasyakhali Health Centre,Lama,202501,24389,15,25.2,73,37,24,8,5,4,1,0,0,0,5,26,2,1,1,4,1
OuFasyaHC01,Fasyakhali Health Centre,Lama,202502,24389,35,27.1,75,56,33,14,9,7,2,0,0,0,9,7,0,1,1,8,1
OuFasyaHC01,Fasyakhali Health Centre,Lama,202503,24389,106,27.6,80,95,67,21,12,9,3,0,1,0,11,11,0,1,1,11,1
OuFasyaHC01,Fasyakhali Health Centre,Lama,202504,24389,193,29.4,77,132,72,31,18,14,3,1,1,0,17,85,2,1,1,17,1
OuFasyaHC01,Fasyakhali Health Centre,Lama,202505,24389,264,29.5,90,196,116,39,30,26,4,0,1,0,30,41,0,1,1,26,4
OuFasyaHC01,Fasyakhali Health Centre,Lama,202506,24389,364,29.4,87,252,142,60,34,29,4,1,1,0,33,8,2,1,1,31,3
OuFasyaHC01,Fasyakhali Health Centre,Lama,202507,24389,378,28.8,90,185,136,24,23,18,5,0,1,0,23,9,2,1,1,21,2
OuFasyaHC01,Fasyakhali Health Centre,Lama,202508,24389,359,26.5,94,86,66,12,13,11,2,0,0,0,13,7,0,1,1,12,1
OuFasyaHC01,Fasyakhali Health Centre,Lama,202509,24389,289,26.9,80,241,132,53,36,28,8,0,3,0,35,17,0,1,1,31,5
OuFasyaHC01,Fasyakhali Health Centre,Lama,202510,24389,208,23.9,83,106,72,22,17,14,3,0,1,0,17,34,0,1,1,14,3
OuFasyaHC01,Fasyakhali Health Centre,Lama,202511,24389,134,23.2,77,80,49,13,11,8,3,0,0,0,11,19,0,1,1,10,1
OuFasyaHC01,Fasyakhali Health Centre,Lama,202512,24389,48,23.6,73,38,21,9,5,4,1,0,0,0,5,33,0,1,1,5,0
OuAziznHC01,Aziznagar Health Centre,Lama,202401,21300,42,24.6,72,64,50,8,7,6,1,0,1,0,7,11,0,1,1,6,1
OuAziznHC01,Aziznagar Health Centre,Lama,202402,21300,36,27.5,73,34,23,8,5,4,1,0,0,0,5,12,0,1,1,5,0
OuAziznHC01,Aziznagar Health Centre,Lama,202403,21300,92,28.2,73,68,45,10,9,8,1,0,0,0,9,4,0,1,1,8,1
OuAziznHC01,Aziznagar Health Centre,Lama,202404,21300,208,29.0,86,105,69,31,19,15,3,1,1,0,19,8,1,1,1,17,2
OuAziznHC01,Aziznagar Health Centre,Lama,202405,21300,254,30.4,86,123,80,21,18,16,2,0,1,0,17,70,0,1,1,15,3
OuAziznHC01,Aziznagar Health Centre,Lama,202406,21300,382,28.4,87,227,134,48,29,24,4,1,2,0,29,33,0,1,1,27,2
OuAziznHC01,Aziznagar Health Centre,Lama,202407,21300,411,27.2,88,249,135,57,31,23,8,0,1,0,31,12,0,1,1,26,5
OuAziznHC01,Aziznagar Health Centre,Lama,202408,21300,333,26.5,86,350,213,72,29,23,5,1,2,0,29,16,1,1,1,25,4
OuAziznHC01,Aziznagar Health Centre,Lama,202409,21300,230,25.7,80,119,88,14,18,15,3,0,1,0,18,5,0,1,1,15,3
OuAziznHC01,Aziznagar Health Centre,Lama,202410,21300,213,23.4,83,102,72,12,15,12,2,1,0,0,14,21,2,1,1,13,2
OuAziznHC01,Aziznagar Health Centre,Lama,202411,21300,87,23.6,75,61,48,10,9,7,2,0,0,0,9,28,0,1,1,8,1
OuAziznHC01,Aziznagar Health Centre,Lama,202412,21300,57,24.1,74,39,29,5,6,5,1,0,0,0,6,19,0,1,1,5,1
OuAziznHC01,Aziznagar Health Centre,Lama,202501,21556,45,24.2,69,29,22,3,4,3,1,0,0,0,4,12,0,1,1,3,1
OuAziznHC01,Aziznagar Health Centre,Lama,202502,21556,58,27.0,74,49,30,11,7,6,1,0,0,0,7,4,0,1,1,6,1
OuAziznHC01,Aziznagar Health Centre,Lama,202503,21556,106,27.7,83,77,55,11,9,7,2,0,1,0,9,2,0,1,1,8,1
OuAziznHC01,Aziznagar Health Centre,Lama,202504,21556,190,30.0,73,121,72,29,15,12,3,0,0,0,15,157,2,1,1,13,2
OuAziznHC01,Aziznagar Health Centre,Lama,202505,21556,328,29.4,91,153,99,22,19,16,3,0,1,0,19,133,0,1,1,16,3
OuAziznHC01,Aziznagar Health Centre,Lama,202506,21556,343,29.4,89,189,118,38,25,20,5,0,1,0,25,167,1,1,1,21,4
OuAziznHC01,Aziznagar Health Centre,Lama,202507,21556,310,28.1,84,196,115,50,26,22,4,0,1,0,26,12,0,1,1,24,2
OuAziznHC01,Aziznagar Health Centre,Lama,202508,21556,341,25.8,89,183,101,45,26,22,4,0,2,0,26,20,1,1,1,25,1
OuAziznHC01,Aziznagar Health Centre,Lama,202509,21556,268,24.7,85,206,124,34,27,23,4,0,1,0,27,16,0,1,1,25,2
OuAziznHC01,Aziznagar Health Centre,Lama,202510,21556,208,23.3,81,150,97,18,18,15,3,0,1,0,18,23,0,1,1,15,3
OuAziznHC01,Aziznagar Health Centre,Lama,202511,21556,122,23.3,77,64,49,11,11,8,3,0,0,0,10,28,0,1,1,10,1
OuAziznHC01,Aziznagar Health Centre,Lama,202512,21556,38,25.3,72,26,17,4,4,3,1,0,0,0,4,29,0,1,1,3,1
OuAlikaHC01,Alikadam Health Complex,Alikadam,202401,38200,46,25.3,74,36,28,4,6,5,1,0,0,0,6,12,2,1,1,6,0
OuAlikaHC01,Alikadam Health Complex,Alikadam,202402,38200,78,26.9,74,51,34,6,7,6,1,0,0,0,7,25,0,1,1,7,0
OuAlikaHC01,Alikadam Health Complex,Alikadam,202403,38200,75,28.2,75,95,55,17,11,9,2,0,1,0,11,29,1,1,1,9,2
OuAlikaHC01,Alikadam Health Complex,Alikadam,202404,38200,218,30.1,84,100,72,17,15,13,2,0,0,0,14,51,0,1,1,14,1
OuAlikaHC01,Alikadam Health Complex,Alikadam,202405,38200,310,29.7,88,175,107,41,31,25,6,0,2,0,31,96,1,1,1,28,3
OuAlikaHC01,Alikadam Health Complex,Alikadam,202406,38200,339,29.2,84,172,123,37,27,20,7,0,2,0,27,8,2,1,1,25,2
OuAlikaHC01,Alikadam Health Complex,Alikadam,202407,38200,382,27.2,86,217,152,26,35,28,7,0,1,0,34,25,0,1,1,30,5
OuAlikaHC01,Alikadam Health Complex,Alikadam,202408,38200,346,25.3,86,202,114,41,32,28,4,0,1,0,32,30,3,1,1,29,3
OuAlikaHC01,Alikadam Health Complex,Alikadam,202409,38200,322,24.8,89,173,110,51,31,24,7,0,2,0,31,34,0,1,1,29,2
OuAlikaHC01,Alikadam Health Complex,Alikadam,202410,38200,200,23.6,82,130,81,33,19,14,5,0,1,0,19,32,1,1,1,18,1
OuAlikaHC01,Alikadam Health Complex,Alikadam,202411,38200,96,22.6,77,66,52,9,13,11,1,1,0,0,13,20,2,1,1,12,1
OuAlikaHC01,Alikadam Health Complex,Alikadam,202412,38200,22,23.9,79,57,31,14,9,7,2,0,1,0,9,0,0,1,1,8,1
OuAlikaHC01,Alikadam Health Complex,Alikadam,202501,38658,15,24.8,73,8,5,1,1,1,0,0,0,0,1,16,0,1,1,1,0
OuAlikaHC01,Alikadam Health Complex,Alikadam,202502,38658,77,26.3,74,59,38,10,10,8,2,0,1,0,10,8,0,1,1,9,1
OuAlikaHC01,Alikadam Health Complex,Alikadam,202503,38658,101,27.6,76,49,32,6,8,6,2,0,0,0,8,11,3,1,1,7,1
OuAlikaHC01,Alikadam Health Complex,Alikadam,202504,38658,204,27.8,84,111,77,28,21,18,3,0,0,0,21,132,3,1,1,20,1
OuAlikaHC01,Alikadam Health Complex,Alikadam,202505,38658,300,29.7,82,229,140,36,34,25,9,0,2,0,34,169,0,1,1,31,3
OuAlikaHC01,Alikadam Health Complex,Alikadam,202506,38658,388,28.8,86,266,174,30,33,25,8,0,3,1,33,27,0,1,1,28,5
OuAlikaHC01,Alikadam Health Complex,Alikadam,202507,38658,388,28.7,89,185,122,27,31,25,5,1,1,0,31,15,0,1,1,29,2
OuAlikaHC01,Alikadam Health Complex,Alikadam,202508,38658,365,25.9,85,290,184,41,46,34,12,0,3,0,46,32,2,1,1,41,5
OuAlikaHC01,Alikadam Health Complex,Alikadam,202509,38658,291,25.9,84,207,154,37,36,27,9,0,3,0,35,35,1,1,1,31,5
OuAlikaHC01,Alikadam Health Complex,Alikadam,202510,38658,198,24.0,83,126,70,26,22,18,3,1,1,0,22,35,2,1,1,19,3
OuAlikaHC01,Alikadam Health Complex,Alikadam,202511,38658,110,24.2,77,86,55,14,14,11,3,0,0,0,14,7,2,1,1,13,1
OuAlikaHC01,Alikadam Health Complex,Alikadam,202512,38658,41,23.7,75,53,32,12,7,6,1,0,0,0,6,21,0,1,1,6,1
OuKurukHC01,Kurukpata Health Centre,Alikadam,202401,17600,27,24.9,70,64,42,8,9,7,2,0,1,0,9,7,2,1,1,8,1
OuKurukHC01,Kurukpata Health Centre,Alikadam,202402,17600,56,25.7,77,45,32,10,9,8,1,0,1,0,9,1,0,1,1,8,1
OuKurukHC01,Kurukpata Health Centre,Alikadam,202403,17600,139,26.8,78,57,33,14,9,7,2,0,1,0,9,31,0,1,1,9,0
OuKurukHC01,Kurukpata Health Centre,Alikadam,202404,17600,209,29.8,79,153,93,39,29,25,4,0,2,0,29,123,0,1,1,26,3
OuKurukHC01,Kurukpata Health Centre,Alikadam,202405,17600,337,28.9,86,179,119,21,30,22,7,1,2,0,29,92,0,1,1,26,4
OuKurukHC01,Kurukpata Health Centre,Alikadam,202406,17600,338,30.5,88,223,130,56,36,27,9,0,2,0,36,161,0,1,1,31,5
OuKurukHC01,Kurukpata Health Centre,Alikadam,202407,17600,340,28.1,91,244,160,56,45,35,9,1,3,0,45,23,0,1,1,42,3
OuKurukHC01,Kurukpata Health Centre,Alikadam,202408,17600,382,27.3,95,246,157,31,40,31,9,0,1,0,40,24,0,1,1,38,2
OuKurukHC01,Kurukpata Health Centre,Alikadam,202409,17600,314,23.7,82,106,66,22,19,14,4,1,0,0,19,13,3,1,1,18,1
OuKurukHC01,Kurukpata Health Centre,Alikadam,202410,17600,184,22.9,82,141,91,35,23,18,5,0,1,0,23,8,1,1,1,20,3
OuKurukHC01,Kurukpata Health Centre,Alikadam,202411,17600,127,23.4,78,68,37,16,11,10,1,0,1,0,11,20,0,1,1,10,1
OuKurukHC01,Kurukpata Health Centre,Alikadam,202412,17600,76,23.4,78,50,37,9,8,6,2,0,1,0,7,27,0,1,1,7,1
OuKurukHC01,Kurukpata Health Centre,Alikadam,202501,17811,35,25.6,73,34,22,7,5,4,1,0,0,0,4,31,3,1,1,4,1
OuKurukHC01,Kurukpata Health Centre,Alikadam,202502,17811,38,27.2,76,49,36,6,8,7,1,0,1,0,7,26,3,1,1,7,1
OuKurukHC01,Kurukpata Health Centre,Alikadam,202503,17811,66,28.7,77,75,57,12,16,12,4,0,1,0,15,7,2,1,1,15,1
OuKurukHC01,Kurukpata Health Centre,Alikadam,202504,17811,228,28.9,83,202,130,31,24,21,3,0,1,0,24,100,0,1,1,22,2
OuKurukHC01,Kurukpata Health Centre,Alikadam,202505,17811,295,29.2,92,165,112,24,30,26,4,0,2,0,29,85,1,1,1,26,4
OuKurukHC01,Kurukpata Health Centre,Alikadam,202506,17811,342,28.9,87,224,128,56,35,25,10,0,2,0,35,52,0,1,1,33,2
OuKurukHC01,Kurukpata Health Centre,Alikadam,202507,17811,374,28.0,88,227,158,38,36,28,8,0,3,0,36,11,2,1,1,33,3
OuKurukHC01,Kurukpata Health Centre,Alikadam,202508,17811,378,26.3,88,269,165,44,42,34,8,0,2,0,42,14,0,1,1,36,6
OuKurukHC01,Kurukpata Health Centre,Alikadam,202509,17811,284,24.5,84,152,115,18,28,20,7,1,2,0,28,0,0,1,1,24,4
OuKurukHC01,Kurukpata Health Centre,Alikadam,202510,17811,218,24.1,84,118,81,19,22,17,5,0,1,0,21,32,2,1,1,19,3
OuKurukHC01,Kurukpata Health Centre,Alikadam,202511,17811,134,23.2,80,71,52,12,12,10,2,0,0,0,11,16,0,1,1,10,2
OuKurukHC01,Kurukpata Health Centre,Alikadam,202512,17811,49,23.3,76,56,39,9,12,9,3,0,1,0,12,27,0,1,1,11,1
OuNaikhHC01,Naikhongchhari Health Complex,Naikhongchhari,202401,41100,41,24.7,79,38,28,5,6,5,1,0,0,0,5,9,3,1,1,5,1
OuNaikhHC01,Naikhongchhari Health Complex,Naikhongchhari,202402,41100,60,26.5,78,34,27,4,5,4,1,0,0,0,4,6,0,1,1,4,1
OuNaikhHC01,Naikhongchhari Health Complex,Naikhongchhari,202403,41100,130,28.4,79,79,43,18,13,11,2,0,1,0,12,15,0,1,1,12,1
OuNaikhHC01,Naikhongchhari Health Complex,Naikhongchhari,202404,41100,215,28.4,77,108,89,14,20,18,2,0,0,0,20,36,1,1,1,19,1
OuNaikhHC01,Naikhongchhari Health Complex,Naikhongchhari,202405,41100,291,29.6,85,127,84,28,21,18,3,0,1,0,21,106,3,1,1,19,2
OuNaikhHC01,Naikhongchhari Health Complex,Naikhongchhari,202406,41100,373,28.6,95,200,133,28,31,24,7,0,2,0,31,5,0,1,1,27,4
OuNaikhHC01,Naikhongchhari Health Complex,Naikhongchhari,202407,41100,365,28.4,92,256,176,24,41,33,7,1,4,0,41,7,0,1,1,37,4
OuNaikhHC01,Naikhongchhari Health Complex,Naikhongchhari,202408,41100,373,27.3,90,156,107,34,28,23,4,1,2,0,28,15,0,1,1,27,1
OuNaikhHC01,Naikhongchhari Health Complex,Naikhongchhari,202409,41100,260,24.4,80,201,136,49,32,26,6,0,3,0,31,0,2,1,1,29,3
OuNaikhHC01,Naikhongchhari Health Complex,Naikhongchhari,202410,41100,182,24.3,80,190,121,30,21,17,4,0,1,0,21,0,0,1,1,19,2
OuNaikhHC01,Naikhongchhari Health Complex,Naikhongchhari,202411,41100,111,23.0,76,86,57,24,14,10,4,0,1,0,14,32,2,1,1,13,1
OuNaikhHC01,Naikhongchhari Health Complex,Naikhongchhari,202412,41100,94,23.6,76,67,53,7,10,8,2,0,1,0,10,23,1,1,1,9,1
OuNaikhHC01,Naikhongchhari Health Complex,Naikhongchhari,202501,41593,23,24.6,74,28,15,6,4,3,1,0,0,0,3,35,0,1,1,4,0
OuNaikhHC01,Naikhongchhari Health Complex,Naikhongchhari,202502,41593,75,26.4,79,44,30,7,6,4,2,0,0,0,6,10,0,1,1,5,1
OuNaikhHC01,Naikhongchhari Health Complex,Naikhongchhari,202503,41593,68,28.7,75,72,45,14,11,9,2,0,0,0,11,23,0,1,1,10,1
OuNaikhHC01,Naikhongchhari Health Complex,Naikhongchhari,202504,41593,237,29.3,85,119,82,13,19,15,4,0,1,0,19,153,0,1,1,18,1
OuNaikhHC01,Naikhongchhari Health Complex,Naikhongchhari,202505,41593,287,31.3,83,134,76,28,20,15,4,1,1,0,20,179,2,1,1,18,2
OuNaikhHC01,Naikhongchhari Health Complex,Naikhongchhari,202506,41593,403,29.1,96,295,188,53,40,30,10,0,3,0,40,83,0,1,1,35,5
OuNaikhHC01,Naikhongchhari Health Complex,Naikhongchhari,202507,41593,374,27.1,87,270,186,53,40,31,8,1,2,0,39,17,1,1,1,36,4
OuNaikhHC01,Naikhongchhari Health Complex,Naikhongchhari,202508,41593,326,26.0,87,220,149,23,25,21,4,0,1,0,25,12,0,1,1,23,2
OuNaikhHC01,Naikhongchhari Health Complex,Naikhongchhari,202509,41593,298,25.1,85,137,85,33,24,18,5,1,0,0,24,11,3,1,1,20,4
OuNaikhHC01,Naikhongchhari Health Complex,Naikhongchhari,202510,41593,195,24.0,87,142,93,18,17,13,3,1,1,0,17,9,0,1,1,16,1
OuNaikhHC01,Naikhongchhari Health Complex,Naikhongchhari,202511,41593,168,22.6,84,84,65,10,16,13,3,0,1,0,15,4,1,1,1,14,2
OuNaikhHC01,Naikhongchhari Health Complex,Naikhongchhari,202512,41593,45,23.9,76,61,48,8,10,8,2,0,1,0,10,34,1,1,1,9,1
OuKaptaiHC1,Kaptai Health Complex,Kaptai,202401,49200,41,25.7,75,47,26,10,5,4,1,0,0,0,4,33,0,1,1,5,0
OuKaptaiHC1,Kaptai Health Complex,Kaptai,202402,49200,70,27.1,77,52,34,7,7,5,2,0,0,0,7,27,0,1,1,6,1
OuKaptaiHC1,Kaptai Health Complex,Kaptai,202403,49200,179,27.1,80,49,40,6,6,5,1,0,0,0,5,34,0,1,1,6,0
OuKaptaiHC1,Kaptai Health Complex,Kaptai,202404,49200,144,29.5,89,94,70,18,13,10,3,0,0,0,13,13,2,1,1,11,2
OuKaptaiHC1,Kaptai Health Complex,Kaptai,202405,49200,256,29.6,79,166,104,22,14,10,4,0,0,0,14,55,0,1,1,13,1
OuKaptaiHC1,Kaptai Health Complex,Kaptai,202406,49200,356,28.8,85,187,121,32,25,19,6,0,1,0,24,120,3,1,1,22,3
OuKaptaiHC1,Kaptai Health Complex,Kaptai,202407,49200,408,28.5,90,167,111,25,19,17,2,0,1,0,19,28,3,1,1,18,1
OuKaptaiHC1,Kaptai Health Complex,Kaptai,202408,49200,322,26.3,87,235,154,39,28,20,8,0,2,0,28,3,0,1,1,24,4
OuKaptaiHC1,Kaptai Health Complex,Kaptai,202409,49200,309,25.1,87,168,104,41,18,15,2,1,1,0,18,7,0,1,1,17,1
OuKaptaiHC1,Kaptai Health Complex,Kaptai,202410,49200,201,23.1,76,80,57,15,12,10,1,1,1,0,11,6,0,1,1,10,2
OuKaptaiHC1,Kaptai Health Complex,Kaptai,202411,49200,110,23.5,75,76,53,10,10,8,2,0,0,0,9,9,2,1,1,9,1
OuKaptaiHC1,Kaptai Health Complex,Kaptai,202412,49200,42,23.8,72,19,13,4,3,2,1,0,0,0,3,8,0,1,1,3,0
OuKaptaiHC1,Kaptai Health Complex,Kaptai,202501,49790,15,24.9,75,21,12,6,3,2,1,0,0,0,2,21,0,1,1,3,0
OuKaptaiHC1,Kaptai Health Complex,Kaptai,202502,49790,32,26.5,78,31,17,7,4,3,1,0,0,0,4,20,3,1,1,3,1
OuKaptaiHC1,Kaptai Health Complex,Kaptai,202503,49790,126,26.8,78,58,37,10,7,6,1,0,0,0,7,7,0,1,1,6,1
OuKaptaiHC1,Kaptai Health Complex,Kaptai,202504,49790,245,29.1,84,103,74,15,13,10,3,0,1,0,13,39,2,1,1,12,1
OuKaptaiHC1,Kaptai Health Complex,Kaptai,202505,49790,311,31.2,85,129,84,24,19,14,5,0,1,0,19,116,1,1,1,18,1
OuKaptaiHC1,Kaptai Health Complex,Kaptai,202506,49790,340,29.3,85,179,136,22,23,19,4,0,2,0,23,33,0,1,1,19,4
OuKaptaiHC1,Kaptai Health Complex,Kaptai,202507,49790,378,28.8,92,185,114,27,22,16,6,0,1,0,21,14,3,1,1,20,2
OuKaptaiHC1,Kaptai Health Complex,Kaptai,202508,49790,363,26.9,87,167,110,19,17,15,2,0,0,0,17,18,0,1,1,15,2
OuKaptaiHC1,Kaptai Health Complex,Kaptai,202509,49790,277,24.9,86,143,98,36,23,19,3,1,2,0,23,17,1,1,1,22,1
OuKaptaiHC1,Kaptai Health Complex,Kaptai,202510,49790,233,24.2,81,128,74,28,15,12,2,1,1,0,14,7,0,1,1,14,1
OuKaptaiHC1,Kaptai Health Complex,Kaptai,202511,49790,125,23.6,79,69,43,19,9,8,1,0,0,0,9,5,0,1,1,8,1
OuKaptaiHC1,Kaptai Health Complex,Kaptai,202512,49790,43,24.5,78,57,39,8,7,6,1,0,0,0,7,10,1,1,1,6,1
OuChandrHC1,Chandraghona Health Centre,Kaptai,202401,27300,56,24.2,73,25,15,5,3,2,1,0,0,0,3,1,0,1,1,3,0
OuChandrHC1,Chandraghona Health Centre,Kaptai,202402,27300,108,26.8,78,43,28,5,5,4,1,0,0,0,5,8,0,1,1,4,1
OuChandrHC1,Chandraghona Health Centre,Kaptai,202403,27300,129,27.7,79,61,39,14,8,7,1,0,0,0,8,13,1,1,1,7,1
OuChandrHC1,Chandraghona Health Centre,Kaptai,202404,27300,204,28.8,83,98,72,10,14,10,4,0,1,0,14,126,0,1,1,12,2
OuChandrHC1,Chandraghona Health Centre,Kaptai,202405,27300,291,29.6,86,156,90,35,20,16,4,0,2,0,20,133,2,1,1,19,1
OuChandrHC1,Chandraghona Health Centre,Kaptai,202406,27300,363,29.3,88,212,170,28,31,25,6,0,1,0,31,127,0,1,1,28,3
OuChandrHC1,Chandraghona Health Centre,Kaptai,202407,27300,344,27.6,84,176,115,21,21,16,5,0,1,0,21,12,2,1,1,19,2
OuChandrHC1,Chandraghona Health Centre,Kaptai,202408,27300,350,26.3,86,173,116,35,23,18,5,0,1,0,23,9,2,1,1,20,3
OuChandrHC1,Chandraghona Health Centre,Kaptai,202409,27300,289,24.5,86,131,85,33,18,13,5,0,1,0,18,27,0,1,1,17,1
OuChandrHC1,Chandraghona Health Centre,Kaptai,202410,27300,172,23.4,78,127,83,30,18,15,2,1,1,0,18,20,0,1,1,16,2
OuChandrHC1,Chandraghona Health Centre,Kaptai,202411,27300,95,22.4,79,55,39,7,7,6,1,0,1,0,7,13,0,1,1,7,0
OuChandrHC1,Chandraghona Health Centre,Kaptai,202412,27300,92,24.0,71,64,39,14,7,5,2,0,0,0,7,34,0,1,1,6,1
OuChandrHC1,Chandraghona Health Centre,Kaptai,202501,27628,15,24.4,76,33,24,6,5,4,1,0,0,0,4,8,3,1,1,5,0
OuChandrHC1,Chandraghona Health Centre,Kaptai,202502,27628,53,25.7,76,26,16,5,3,2,1,0,0,0,2,4,1,1,1,3,0
OuChandrHC1,Chandraghona Health Centre,Kaptai,202503,27628,140,27.9,79,103,66,13,10,9,1,0,0,0,10,2,0,1,1,9,1
OuChandrHC1,Chandraghona Health Centre,Kaptai,202504,27628,151,30.2,80,82,55,20,11,8,3,0,1,0,11,89,1,1,1,9,2
OuChandrHC1,Chandraghona Health Centre,Kaptai,202505,27628,316,29.7,86,97,63,24,16,12,4,0,0,0,15,139,0,1,1,13,3
OuChandrHC1,Chandraghona Health Centre,Kaptai,202506,27628,381,27.1,87,161,116,23,26,19,7,0,1,0,25,61,2,1,1,24,2
OuChandrHC1,Chandraghona Health Centre,Kaptai,202507,27628,389,27.8,83,187,119,45,23,17,6,0,1,0,23,26,0,1,1,22,1
OuChandrHC1,Chandraghona Health Centre,Kaptai,202508,27628,364,26.7,84,98,64,29,15,11,4,0,1,0,15,26,2,1,1,13,2
OuChandrHC1,Chandraghona Health Centre,Kaptai,202509,27628,256,24.5,85,124,98,19,17,14,3,0,1,0,17,13,3,1,1,15,2
OuChandrHC1,Chandraghona Health Centre,Kaptai,202510,27628,201,23.7,78,118,68,25,15,11,4,0,1,0,14,29,0,1,1,13,2
OuChandrHC1,Chandraghona Health Centre,Kaptai,202511,27628,119,23.7,76,77,43,16,9,8,1,0,0,0,9,3,0,1,1,8,1
OuChandrHC1,Chandraghona Health Centre,Kaptai,202512,27628,87,23.6,78,57,42,6,7,6,1,0,0,0,7,14,1,1,1,6,1
OuBaghaiHC1,Baghaichhari Health Complex,Baghaichhari,202401,52500,41,25.2,76,32,20,8,6,5,1,0,0,0,6,21,0,1,1,6,0
OuBaghaiHC1,Baghaichhari Health Complex,Baghaichhari,202402,52500,39,26.6,78,39,26,8,7,6,1,0,0,0,7,21,0,1,1,6,1
OuBaghaiHC1,Baghaichhari Health Complex,Baghaichhari,202403,52500,126,28.6,79,99,58,19,13,10,3,0,1,0,13,33,3,1,1,12,1
OuBaghaiHC1,Baghaichhari Health Complex,Baghaichhari,202404,52500,175,28.2,78,96,66,12,15,11,3,1,1,0,15,123,1,1,1,13,2
OuBaghaiHC1,Baghaichhari Health Complex,Baghaichhari,202405,52500,304,28.7,92,232,148,54,34,30,4,0,2,0,34,163,1,1,1,29,5
OuBaghaiHC1,Baghaichhari Health Complex,Baghaichhari,202406,52500,341,29.2,82,196,133,49,36,29,7,0,2,0,36,5,0,1,1,32,4
OuBaghaiHC1,Baghaichhari Health Complex,Baghaichhari,202407,52500,414,27.9,89,184,102,46,31,23,8,0,1,0,31,31,0,1,1,29,2
OuBaghaiHC1,Baghaichhari Health Complex,Baghaichhari,202408,52500,364,26.7,91,211,116,45,33,24,9,0,3,0,33,27,3,1,1,29,4
OuBaghaiHC1,Baghaichhari Health Complex,Baghaichhari,202409,52500,273,24.9,85,187,100,42,27,21,6,0,2,0,27,5,0,1,1,25,2
OuBaghaiHC1,Baghaichhari Health Complex,Baghaichhari,202410,52500,225,23.9,84,182,125,21,25,21,4,0,1,0,24,20,0,1,1,24,1
OuBaghaiHC1,Baghaichhari Health Complex,Baghaichhari,202411,52500,133,23.1,78,90,69,15,17,13,4,0,1,0,16,8,2,1,1,15,2
OuBaghaiHC1,Baghaichhari Health Complex,Baghaichhari,202412,52500,80,23.1,79,41,27,5,7,5,2,0,0,0,6,33,0,1,1,6,1
OuBaghaiHC1,Baghaichhari Health Complex,Baghaichhari,202501,53130,33,23.3,74,45,37,5,8,7,1,0,0,0,8,0,0,1,1,7,1
OuBaghaiHC1,Baghaichhari Health Complex,Baghaichhari,202502,53130,80,25.9,81,49,37,8,9,7,2,0,0,0,9,31,0,1,1,8,1
OuBaghaiHC1,Baghaichhari Health Complex,Baghaichhari,202503,53130,142,28.7,76,75,46,21,13,10,2,1,1,0,13,27,1,1,1,11,2
OuBaghaiHC1,Baghaichhari Health Complex,Baghaichhari,202504,53130,246,29.7,86,175,121,18,28,22,6,0,2,0,28,72,0,1,1,25,3
OuBaghaiHC1,Baghaichhari Health Complex,Baghaichhari,202505,53130,260,30.1,88,171,93,44,31,26,5,0,1,0,31,101,0,1,1,29,2
OuBaghaiHC1,Baghaichhari Health Complex,Baghaichhari,202506,53130,341,29.3,86,270,155,53,39,30,9,0,2,0,39,38,0,1,1,36,3
OuBaghaiHC1,Baghaichhari Health Complex,Baghaichhari,202507,53130,399,28.1,88,725,451,133,108,94,14,0,3,0,108,30,1,1,1,101,7
OuBaghaiHC1,Baghaichhari Health Complex,Baghaichhari,202508,53130,414,27.1,94,364,229,62,52,43,9,0,4,0,52,24,0,1,1,46,6
OuBaghaiHC1,Baghaichhari Health Complex,Baghaichhari,202509,53130,276,24.9,89,172,109,44,33,27,6,0,1,0,32,22,0,1,1,30,3
OuBaghaiHC1,Baghaichhari Health Complex,Baghaichhari,202510,53130,217,23.6,85,111,65,21,17,13,4,0,1,0,17,26,0,1,1,15,2
OuBaghaiHC1,Baghaichhari Health Complex,Baghaichhari,202511,53130,139,23.1,77,76,48,10,11,9,2,0,0,0,11,2,2,1,1,10,1
OuBaghaiHC1,Baghaichhari Health Complex,Baghaichhari,202512,53130,72,23.3,81,39,28,5,7,5,2,0,1,0,6,21,0,1,1,6,1
OuMarishHC1,Marishya Health Centre,Baghaichhari,202401,28600,15,26.5,76,32,19,8,5,4,1,0,0,0,4,10,0,1,1,4,1
OuMarishHC1,Marishya Health Centre,Baghaichhari,202402,28600,86,27.3,76,56,45,8,10,8,2,0,1,0,10,28,0,1,1,9,1
OuMarishHC1,Marishya Health Centre,Baghaichhari,202403,28600,157,28.6,78,120,85,17,19,14,5,0,1,0,18,28,0,1,1,18,1
OuMarishHC1,Marishya Health Centre,Baghaichhari,202404,28600,189,29.2,84,158,109,25,23,17,5,1,1,0,23,153,0,1,1,21,2
OuMarishHC1,Marishya Health Centre,Baghaichhari,202405,28600,332,29.6,90,167,115,19,25,20,4,1,1,0,25,176,0,1,1,24,1
OuMarishHC1,Marishya Health Centre,Baghaichhari,202406,28600,327,29.3,86,187,105,39,27,24,3,0,2,0,27,16,3,1,1,23,4
OuMarishHC1,Marishya Health Centre,Baghaichhari,202407,28600,408,27.8,91,182,128,35,29,25,4,0,1,0,29,11,0,1,1,26,3
OuMarishHC1,Marishya Health Centre,Baghaichhari,202408,28600,356,26.8,90,125,81,22,19,14,5,0,2,0,19,34,0,1,1,18,1
OuMarishHC1,Marishya Health Centre,Baghaichhari,202409,28600,293,24.5,84,182,135,26,35,26,8,1,2,0,35,25,0,1,1,30,5
OuMarishHC1,Marishya Health Centre,Baghaichhari,202410,28600,203,23.5,84,167,111,16,24,19,5,0,2,0,24,0,0,1,1,21,3
OuMarishHC1,Marishya Health Centre,Baghaichhari,202411,28600,104,23.3,77,81,55,19,12,9,3,0,1,0,11,33,2,1,1,11,1
OuMarishHC1,Marishya Health Centre,Baghaichhari,202412,28600,61,23.7,77,48,35,9,9,7,2,0,0,0,9,3,0,1,1,8,1
OuMarishHC1,Marishya Health Centre,Baghaichhari,202501,28943,15,24.9,76,54,32,11,8,7,1,0,1,0,8,25,0,1,1,7,1
OuMarishHC1,Marishya Health Centre,Baghaichhari,202502,28943,27,26.8,66,48,28,12,7,6,1,0,0,0,7,30,2,1,1,6,1
OuMarishHC1,Marishya Health Centre,Baghaichhari,202503,28943,138,28.3,76,89,53,15,17,13,3,1,1,0,17,6,2,1,1,16,1
OuMarishHC1,Marishya Health Centre,Baghaichhari,202504,28943,232,29.3,85,146,79,35,24,19,5,0,1,0,24,164,0,1,1,23,1
OuMarishHC1,Marishya Health Centre,Baghaichhari,202505,28943,304,29.8,83,169,102,29,28,21,7,0,1,0,28,121,2,1,1,25,3
OuMarishHC1,Marishya Health Centre,Baghaichhari,202506,28943,369,27.8,89,191,111,50,35,26,9,0,1,0,35,92,2,1,1,30,5
OuMarishHC1,Marishya Health Centre,Baghaichhari,202507,28943,414,27.6,90,302,204,55,51,38,13,0,3,0,51,6,0,1,1,48,3
OuMarishHC1,Marishya Health Centre,Baghaichhari,202508,28943,380,27.3,89,383,263,73,46,38,8,0,3,0,46,13,0,1,1,42,4
OuMarishHC1,Marishya Health Centre,Baghaichhari,202509,28943,283,24.8,85,151,104,35,24,21,3,0,1,0,24,26,0,1,1,22,2
OuMarishHC1,Marishya Health Centre,Baghaichhari,202510,28943,223,23.5,87,122,78,23,21,18,2,1,2,0,21,6,0,1,1,20,1
OuMarishHC1,Marishya Health Centre,Baghaichhari,202511,28943,106,23.2,80,79,55,13,13,11,2,0,1,0,13,20,0,1,1,12,1
OuMarishHC1,Marishya Health Centre,Baghaichhari,202512,28943,66,21.9,74,63,49,9,10,7,3,0,1,0,10,8,0,1,1,10,0
OuBelaicHC1,Belaichhari Health Complex,Belaichhari,202401,31900,53,24.9,78,64,44,9,7,6,1,0,0,0,7,24,0,1,1,6,1
OuBelaicHC1,Belaichhari Health Complex,Belaichhari,202402,31900,50,27.2,78,23,17,4,4,3,1,0,0,0,4,0,0,1,1,4,0
OuBelaicHC1,Belaichhari Health Complex,Belaichhari,202403,31900,148,28.3,72,106,84,15,16,12,4,0,1,0,15,18,1,1,1,15,1
OuBelaicHC1,Belaichhari Health Complex,Belaichhari,202404,31900,174,28.4,78,145,84,34,20,16,4,0,2,0,20,75,0,1,1,19,1
OuBelaicHC1,Belaichhari Health Complex,Belaichhari,202405,31900,268,30.4,79,199,106,48,28,22,6,0,1,0,28,0,0,1,1,25,3
OuBelaicHC1,Belaichhari Health Complex,Belaichhari,202406,31900,341,29.1,86,176,117,45,35,31,3,1,2,0,35,88,1,1,1,31,4
OuBelaicHC1,Belaichhari Health Complex,Belaichhari,202407,31900,362,28.0,89,291,168,56,39,30,9,0,3,0,39,24,0,1,1,36,3
OuBelaicHC1,Belaichhari Health Complex,Belaichhari,202408,31900,399,26.5,89,285,184,40,40,33,6,1,2,0,40,18,0,1,1,37,3
OuBelaicHC1,Belaichhari Health Complex,Belaichhari,202409,31900,266,25.6,80,125,92,23,23,18,5,0,1,0,22,17,0,1,1,21,2
OuBelaicHC1,Belaichhari Health Complex,Belaichhari,202410,31900,209,24.3,82,123,85,17,20,17,2,1,1,0,20,26,0,1,1,18,2
OuBelaicHC1,Belaichhari Health Complex,Belaichhari,202411,31900,171,24.3,80,83,47,18,11,8,3,0,0,0,10,10,0,1,1,10,1
OuBelaicHC1,Belaichhari Health Complex,Belaichhari,202412,31900,99,23.7,75,58,39,12,9,8,1,0,1,0,8,17,3,1,1,8,1
OuBelaicHC1,Belaichhari Health Complex,Belaichhari,202501,32283,46,24.7,77,31,19,5,5,4,1,0,0,0,5,13,3,1,1,4,1
OuBelaicHC1,Belaichhari Health Complex,Belaichhari,202502,32283,60,26.7,75,59,43,6,9,8,1,0,0,0,8,8,0,1,1,8,1
OuBelaicHC1,Belaichhari Health Complex,Belaichhari,202503,32283,162,27.3,79,68,48,14,12,10,1,1,1,0,11,28,3,1,1,11,1
OuBelaicHC1,Belaichhari Health Complex,Belaichhari,202504,32283,236,28.8,79,120,76,23,19,16,2,1,2,0,19,172,0,1,1,18,1
OuBelaicHC1,Belaichhari Health Complex,Belaichhari,202505,32283,287,29.3,87,196,117,32,26,20,6,0,2,0,26,112,3,1,1,23,3
OuBelaicHC1,Belaichhari Health Complex,Belaichhari,202506,32283,331,29.7,87,224,133,47,33,28,5,0,2,0,33,172,0,1,1,29,4
OuBelaicHC1,Belaichhari Health Complex,Belaichhari,202507,32283,407,28.0,88,251,202,32,41,33,8,0,4,1,41,35,0,1,1,37,4
OuBelaicHC1,Belaichhari Health Complex,Belaichhari,202508,32283,371,26.4,90,318,204,62,45,39,6,0,2,0,45,32,1,1,1,38,7
OuBelaicHC1,Belaichhari Health Complex,Belaichhari,202509,32283,296,24.7,81,214,126,45,26,19,7,0,1,0,26,14,2,1,1,24,2
OuBelaicHC1,Belaichhari Health Complex,Belaichhari,202510,32283,190,24.4,80,99,80,12,17,13,3,1,0,0,16,33,0,1,1,15,2
OuBelaicHC1,Belaichhari Health Complex,Belaichhari,202511,32283,125,21.3,82,72,49,10,9,7,2,0,0,0,9,27,0,1,1,8,1
OuBelaicHC1,Belaichhari Health Complex,Belaichhari,202512,32283,53,23.6,74,42,30,10,7,6,1,0,1,0,7,32,3,1,1,7,0
OuJurachHC1,Jurachhari Health Complex,Jurachhari,202401,29400,25,24.8,72,26,18,4,4,4,0,0,0,0,4,17,0,1,1,3,1
OuJurachHC1,Jurachhari Health Complex,Jurachhari,202402,29400,84,27.7,80,27,17,8,5,4,1,0,0,0,5,19,0,1,1,5,0
OuJurachHC1,Jurachhari Health Complex,Jurachhari,202403,29400,120,27.4,74,67,52,10,11,9,2,0,0,0,11,11,0,1,1,10,1
OuJurachHC1,Jurachhari Health Complex,Jurachhari,202404,29400,178,29.1,79,98,76,13,16,14,2,0,1,0,16,3,1,1,1,14,2
OuJurachHC1,Jurachhari Health Complex,Jurachhari,202405,29400,266,30.1,80,205,117,40,31,24,7,0,3,0,31,41,0,1,1,27,4
OuJurachHC1,Jurachhari Health Complex,Jurachhari,202406,29400,372,29.9,90,176,117,28,33,28,5,0,1,0,32,53,0,1,1,29,4
OuJurachHC1,Jurachhari Health Complex,Jurachhari,202407,29400,389,27.6,88,306,204,39,37,27,10,0,1,0,37,14,0,1,1,31,6
OuJurachHC1,Jurachhari Health Complex,Jurachhari,202408,29400,366,26.3,90,289,173,55,37,32,5,0,2,0,37,2,0,1,1,31,6
OuJurachHC1,Jurachhari Health Complex,Jurachhari,202409,29400,306,23.9,87,210,159,35,31,25,6,0,1,0,30,3,0,1,1,30,1
OuJurachHC1,Jurachhari Health Complex,Jurachhari,202410,29400,182,23.9,86,186,119,23,26,22,4,0,1,0,25,21,2,1,1,23,3
OuJurachHC1,Jurachhari Health Complex,Jurachhari,202411,29400,130,22.9,77,62,45,9,10,9,1,0,0,0,10,17,0,1,1,9,1
OuJurachHC1,Jurachhari Health Complex,Jurachhari,202412,29400,65,23.1,75,8,5,1,1,1,0,0,0,0,0,12,0,1,1,1,0
OuJurachHC1,Jurachhari Health Complex,Jurachhari,202501,29753,53,24.5,75,38,24,5,5,4,1,0,0,0,5,29,2,1,1,4,1
OuJurachHC1,Jurachhari Health Complex,Jurachhari,202502,29753,92,26.4,78,43,27,8,7,5,2,0,0,0,7,15,0,1,1,6,1
OuJurachHC1,Jurachhari Health Complex,Jurachhari,202503,29753,118,27.7,77,70,43,12,11,8,3,0,0,0,11,10,2,1,1,10,1
OuJurachHC1,Jurachhari Health Complex,Jurachhari,202504,29753,224,29.0,88,135,86,29,22,17,5,0,1,0,21,34,0,1,1,21,1
OuJurachHC1,Jurachhari Health Complex,Jurachhari,202505,29753,347,30.1,84,248,164,28,34,25,9,0,2,0,33,88,0,1,1,32,2
OuJurachHC1,Jurachhari Health Complex,Jurachhari,202506,29753,384,28.7,91,208,127,48,34,27,7,0,1,0,34,150,0,1,1,29,5
OuJurachHC1,Jurachhari Health Complex,Jurachhari,202507,29753,398,26.8,93,239,178,42,38,30,8,0,1,0,38,19,0,1,1,36,2
OuJurachHC1,Jurachhari Health Complex,Jurachhari,202508,29753,390,26.5,96,194,112,48,31,26,5,0,1,0,31,10,0,1,1,29,2
OuJurachHC1,Jurachhari Health Complex,Jurachhari,202509,29753,301,25.0,88,187,138,31,29,25,4,0,1,0,29,13,0,1,1,25,4
OuJurachHC1,Jurachhari Health Complex,Jurachhari,202510,29753,202,24.6,88,110,66,24,16,12,3,1,1,0,16,33,2,1,1,15,1
OuJurachHC1,Jurachhari Health Complex,Jurachhari,202511,29753,131,23.6,72,84,54,18,15,13,2,0,1,0,15,18,0,1,1,14,1
OuJurachHC1,Jurachhari Health Complex,Jurachhari,202512,29753,32,23.9,71,56,40,11,9,8,1,0,0,0,8,21,0,1,1,8,1
